index,n_counts,n_genes,orig_ident,percent_mito,res_2,tree_ident,louvain,dpt_pseudotime
AAACCTGAGCACCGCT-1_1,1980,928,1,0.026781203,1,7,0,0.35352218
AAACCTGCACATTCGA-1_2,2238,894,1,0.024150268,6,9,2,0.17717993
AAACCTGCAGGGTTAG-1_3,2839,1025,1,0.00563976,7,14,8,0
AAACCTGCATGCCTTC-1_4,3437,1438,1,0.012529138,10,12,1,0.10304895
AAACCTGGTTGAACTC-1_5,2765,1277,1,0.010137581,9,6,10,0.25968176
AAACCTGTCACCTTAT-1_6,2771,1144,1,0.019529837,1,7,0,0.31613153
AAACGGGTCCACGTGG-1_8,5586,2022,1,0.006444683,4,3,9,0.34196922
AAAGATGCAAGGACTG-1_9,1904,831,1,0.025223332,2,13,1,0.11473645
AAAGATGCACGAAATA-1_10,1879,822,1,0.01970181,4,3,9,0.43157354
AAAGATGCATCGATTG-1_11,1135,566,1,0.056537102,1,7,0,0.24780278
AAAGATGGTACACCGC-1_12,1181,542,1,0.034716342,3,8,2,0.14745587
AAAGATGGTCTTTCAT-1_13,2540,982,1,0.027963765,3,8,6,0.07361497
AAAGCAAAGATGCCAG-1_14,3953,1414,1,0.013410931,3,8,6,0.09537681
AAAGCAACACAGATTC-1_15,3206,1263,1,0.009054012,8,5,7,0.5580533
AAAGCAACACGGCGTT-1_16,1355,563,1,0.056910569,10,12,13,0.12644614
AAAGCAATCGTAGATC-1_18,1647,830,1,0.01946472,0,11,4,0.046990518
AAAGTAGAGAATAGGG-1_19,1187,544,1,0.021922428,2,13,1,0.12582242
AAAGTAGAGGTCATCT-1_20,4106,1527,1,0.017317073,11,2,11,0.43873045
AAAGTAGGTAAGTGGC-1_21,1217,545,1,0.047658176,0,11,4,0.06275313
AAAGTAGGTGCAGACA-1_22,3671,1326,1,0.045243936,5,1,5,0.9794316
AAAGTAGTCACCACCT-1_23,6873,1876,1,0.018054747,5,1,5,0.8830773
AAATGCCCACTGCCAG-1_24,1478,680,1,0.078750849,5,1,5,0.8236914
AAATGCCGTATTCGTG-1_25,3129,1107,1,0.017588743,13,4,8,0.06778322
AACACGTCAAGCGATG-1_26,1460,671,1,0.030864198,7,14,8,0.021948384
AACACGTGTATCAGTC-1_27,2586,1150,1,0.006960557,2,13,1,0.12662764
AACCATGTCACCCTCA-1_28,3823,1518,1,0.013612565,2,13,1,0.14227921
AACCGCGAGTGTTGAA-1_29,1432,645,1,0.045422781,0,11,13,0.09315779
AACGTTGAGGTGCTTT-1_30,9787,2712,1,0.013709842,4,3,12,0.3793405
AACGTTGCACGGTAAG-1_31,4425,1670,1,0.011307101,10,12,1,0.13759165
AACGTTGGTTCGGCAC-1_32,4266,1567,1,0.00750469,2,13,1,0.104682386
AACTCAGCACAGACAG-1_33,8168,2329,1,0.008941695,6,9,2,0.20698145
AACTCAGGTAAGGGCT-1_34,1682,773,1,0.024390244,3,8,2,0.122138165
AACTCCCAGCGCTCCA-1_36,3447,1265,1,0.013066202,6,9,2,0.20294414
AACTCCCTCGCGATCG-1_38,6047,1885,1,0.016059603,5,1,11,0.88847977
AACTCTTAGTAGTGCG-1_39,3261,1242,1,0.0208717,12,10,3,0.12178816
AACTCTTGTCTTCGTC-1_40,2720,1077,1,0.019138756,1,7,0,0.31925246
AACTGGTCAGCCAGAA-1_42,4785,1587,1,0.005225753,6,9,2,0.19031253
AACTGGTCAGGTCGTC-1_43,6532,2164,1,0.009493186,1,7,0,0.25388685
AACTTTCGTTTACTCT-1_45,1160,543,1,0.019031142,9,6,10,0.51466566
AACTTTCTCAGAGCTT-1_46,3489,1252,1,0.009753299,7,14,6,0.048512254
AACTTTCTCGTACCGG-1_47,1513,683,1,0.019828156,9,6,10,0.20723496
AAGACCTAGAATAGGG-1_48,8797,2085,1,0.031388605,5,1,5,0.8215772
AAGACCTAGGAGCGAG-1_49,4993,1569,1,0.017040898,13,4,8,0.05167632
AAGACCTCAGAGCCAA-1_50,6268,2156,1,0.011648317,13,4,12,0.22435415
AAGCCGCAGCTTTGGT-1_51,5254,1344,1,0.044380952,5,1,5,0.7972881
AAGCCGCAGGAGCGAG-1_52,5309,1802,1,0.010928962,12,10,3,0.09974429
AAGCCGCCACATGGGA-1_53,1364,601,1,0.05899705,4,3,9,0.30707568
AAGCCGCGTTCGCTAA-1_55,4998,1601,1,0.02724359,4,3,12,0.34639347
AAGGAGCAGCGAGAAA-1_56,3355,1371,1,0.015223881,8,5,7,0.58947366
AAGGAGCCACCTCGGA-1_57,2034,810,1,0.019685039,3,8,6,0.08948226
AAGGAGCCATCGGAAG-1_58,3138,1137,1,0.016889739,1,7,0,0.28121117
AAGGAGCTCGCTTAGA-1_60,1963,886,1,0.01172871,10,12,13,0.10924794
AAGGCAGCAGGCTCAC-1_61,2686,951,1,0.017504655,7,14,6,0.06995343
AAGGCAGGTAAGTGGC-1_62,2728,1123,1,0.01320132,7,14,6,0.048500232
AAGGTTCAGCGTCTAT-1_64,1150,535,1,0.024390244,6,9,2,0.18298292
AAGGTTCGTTTGACAC-1_65,1591,810,1,0.036523929,1,7,0,0.36677888
AAGGTTCTCAACGAAA-1_66,3616,1408,1,0.026570717,4,3,9,0.31869942
AAGGTTCTCAGCATGT-1_67,7724,2065,1,0.024358642,5,1,5,0.99755335
AAGTCTGAGCAAATCA-1_69,1670,683,1,0.034793041,3,8,6,0.09888713
AAGTCTGCACCATCCT-1_70,5644,1823,1,0.007978723,7,14,8,0.013423608
AATCCAGCACGAAATA-1_72,2192,990,1,0.009136592,0,11,4,0.06356497
AATCCAGTCACTCCTG-1_73,4648,1743,1,0.008613264,2,13,1,0.11595927
AATCCAGTCCTTAATC-1_75,11090,2819,1,0.010467425,13,4,12,0.19392483
AATCGGTAGCCAACAG-1_76,1178,532,1,0.063721325,4,3,9,0.30722362
AATCGGTCACAAGTAA-1_77,7445,1834,1,0.031859121,5,1,5,0.84414774
AATCGGTGTAGAAGGA-1_78,3823,1315,1,0.014132426,1,7,0,0.30383372
AATCGGTTCACTCCTG-1_79,4544,1701,1,0.012772517,2,13,1,0.11940192
ACACCAAAGGTGACCA-1_80,3072,1217,1,0.012389958,11,2,11,0.7537246
ACACCCTAGGCAATTA-1_81,4591,1396,1,0.016339869,6,9,2,0.1747094
ACACCCTCAGTCACTA-1_82,1636,850,1,0.087622549,11,2,11,0.6158758
ACACCCTGTCTGATTG-1_83,6189,2058,1,0.009699321,6,9,2,0.23025356
ACACCGGAGATCCCGC-1_84,2324,804,1,0.022404136,6,9,2,0.16076371
ACACCGGTCCTCTAGC-1_85,7108,2226,1,0.009854991,7,14,6,0.05951297
ACAGCCGAGCCATCGC-1_86,1528,701,1,0.024934383,9,6,7,0.507837
ACAGCCGAGCCTTGAT-1_87,2609,1094,1,0.028396009,12,10,3,0.092758216
ACAGCCGCAACACGCC-1_88,10111,2201,1,0.028910891,5,1,5,0.9589609
ACAGCCGCAGCGAACA-1_89,2673,1018,1,0.018712575,1,7,0,0.28756133
ACAGCCGTCGGACAAG-1_90,2838,1216,1,0.01730226,8,5,7,0.71739995
ACAGCTAAGATATGCA-1_91,3545,1312,1,0.012979684,3,8,6,0.0920185
ACAGCTAAGCACGCCT-1_92,2503,1281,1,0.006794564,2,13,1,0.12298183
ACAGCTAAGCTAAGAT-1_93,2563,1088,1,0.011319282,9,6,10,0.4944846
ACAGCTAAGGATGCGT-1_94,1185,617,1,0.026182432,2,13,1,0.1062128
ACAGCTAGTAAGTGGC-1_95,1461,646,1,0.052920962,13,4,12,0.21877164
ACAGCTAGTGGTGTAG-1_96,3618,1411,1,0.006909895,8,5,7,0.6266805
ACAGCTATCAATCTCT-1_97,1282,669,1,0.036690086,2,13,1,0.09998659
ACATACGCACCGATAT-1_98,1187,558,1,0.070886076,13,4,12,0.1460895
ACATACGTCGCTGATA-1_99,1166,534,1,0.01975945,4,3,9,0.27522126
ACATCAGCAAGGTTTC-1_100,5484,1768,1,0.018062397,6,9,2,0.22401904
ACATCAGCATTTCACT-1_101,1211,545,1,0.041356493,0,11,3,0.11146714
ACATGGTAGCGTTTAC-1_103,2142,863,1,0.019626168,12,10,3,0.09292438
ACATGGTAGGAATGGA-1_104,2028,813,1,0.021224087,3,8,6,0.10192575
ACATGGTGTAAGGATT-1_105,1382,588,1,0.032656023,3,8,2,0.11414736
ACCAGTACATGCGCAC-1_106,1751,789,1,0.013150372,0,11,3,0.06560689
ACCAGTACATGGTCAT-1_107,5778,1975,1,0.01975052,1,7,0,0.2496656
ACCAGTAGTTTGTGTG-1_108,1757,808,1,0.058689459,4,3,9,0.28821823
ACCCACTGTCTGGTCG-1_109,1219,598,1,0.026315789,4,3,9,0.24122
ACCGTAAAGAACTGTA-1_110,3407,1335,1,0.005581669,10,12,13,0.13774255
ACCGTAAAGTCCGTAT-1_111,2701,1101,1,0.009633197,0,11,4,0.063435
ACCTTTAAGAGTGACC-1_112,8181,2032,1,0.021651376,5,1,5,0.84606034
ACCTTTAAGCTTTGGT-1_113,3775,1471,1,0.015376458,2,13,1,0.12785716